"","Bettongia","Lagorchestes","Lagostrophus","Petrogale"
"B_B11_BC217",0.964741791169237,1.70187435347016e-14,0.0248957042360144,0.0103625045947316
